"","x"
"ill",16
"anti",9
"critic",9
"irrit",8
"self",8
"annoy",7
"disappoint",7
"disgust",7
"frustrat",7
"hate",7
"accus",6
"betray",6
"brutal",6
"calumni",6
"confus",6
"corrupt",6
"demon",6
"depress",6
"detest",6
"devast",6
"disagre",6
"disrespect",6
"outrag",6
"regret",6
"repuls",6
"scandal",6
"suffer",6
"tortur",6
"worri",6
"ach",5
"appal",5
"barbar",5
"break",5
"bump",5
"condemn",5
"contamin",5
"deplor",5
"detract",5
"die",5
"disturb",5
"exasper",5
"fallaci",5
"hard",5
"horrifi",5
"hurt",5
"insult",5
"irrat",5
"kill",5
"limit",5
"miser",5
"mock",5
"negat",5
"obstruct",5
"oppress",5
"overwhelm",5
"rant",5
"refus",5
"refut",5
"reject",5
"slander",5
"troubl",5
"upset",5
"vibrat",5
"wast",5
"abomin",4
"absurd",4
"abus",4
"addict",4
"admonish",4
"alarm",4
"apprehens",4
"bash",4
"bewild",4
"blur",4
"bore",4
"bother",4
"bruis",4
"bulli",4
"burn",4
"cataclysm",4
"catastroph",4
"cheat",4
"complain",4
"conflict",4
"crash",4
"crippl",4
"damag",4
"deceit",4
"deceiv",4
"degrad",4
"deject",4
"delay",4
"deni",4
"deris",4
"despond",4
"disadvantag",4
"disconcert",4
"discourag",4
"disdain",4
"disgrac",4
"disintegr",4
"dislik",4
"dismay",4
"dispirit",4
"diss",4
"dissatisfi",4
"distort",4
"distress",4
"doubt",4
"drag",4
"drain",4
"dread",4
"dump",4
"embarrass",4
"exhaust",4
"fail",4
"fanat",4
"fear",4
"gall",4
"gimmick",4
"grudg",4
"harass",4
"harm",4
"humili",4
"hypocrit",4
"hyster",4
"idiot",4
"imperfect",4
"inconsist",4
"indign",4
"infuri",4
"intimid",4
"irk",4
"irksom",4
"irrecover",4
"jeer",4
"lack",4
"lag",4
"lie",4
"loath",4
"long",4
"mangl",4
"manipul",4
"mess",4
"murder",4
"nauseat",4
"obscur",4
"obsess",4
"occlud",4
"offens",4
"pain",4
"perplex",4
"pervers",4
"picket",4
"protest",4
"quarrel",4
"radic",4
"reprehens",4
"repugn",4
"restrict",4
"retard",4
"ridicul",4
"ruin",4
"sag",4
"scold",4
"scrambl",4
"shame",4
"shock",4
"skeptic",4
"slog",4
"smell",4
"smudg",4
"snag",4
"spew",4
"spite",4
"stress",4
"struggl",4
"stutter",4
"tarnish",4
"taunt",4
"terror",4
"throb",4
"timid",4
"traumat",4
"undermin",4
"unnerv",4
"unprov",4
"unsettl",4
"unus",4
"violat",4
"vomit",4
"abort",3
"acerb",3
"acrid",3
"acrimoni",3
"adulter",3
"afflict",3
"aggrav",3
"aggress",3
"agon",3
"alien",3
"alleg",3
"anxious",3
"arrog",3
"aspers",3
"audaci",3
"back",3
"backach",3
"baffl",3
"belittl",3
"belliger",3
"bias",3
"bitter",3
"bleak",3
"bleed",3
"blind",3
"blunder",3
"brash",3
"brazen",3
"bug",3
"caprici",3
"clog",3
"concern",3
"condescend",3
"confess",3
"confound",3
"confront",3
"corros",3
"crack",3
"cramp",3
"creak",3
"creep",3
"cring",3
"crook",3
"crumpl",3
"crush",3
"curs",3
"damn",3
"danger",3
"daunt",3
"debas",3
"decept",3
"declin",3
"defam",3
"defect",3
"defici",3
"degener",3
"demor",3
"dent",3
"denunci",3
"deprav",3
"desol",3
"despair",3
"desper",3
"despot",3
"destruct",3
"deterior",3
"devious",3
"diabol",3
"dire",3
"disapoint",3
"disapprov",3
"disconsol",3
"discont",3
"discontinu",3
"discord",3
"dishearten",3
"dishonor",3
"disillus",3
"dismal",3
"disord",3
"disparag",3
"displeas",3
"disput",3
"disquiet",3
"disrupt",3
"dissent",3
"dissid",3
"disson",3
"distast",3
"distract",3
"distraught",3
"distrust",3
"divis",3
"drip",3
"embroil",3
"enrag",3
"envious",3
"exager",3
"extravag",3
"fall",3
"farcic",3
"fat",3
"fate",3
"flaw",3
"flee",3
"flicker",3
"foolish",3
"forget",3
"frantic",3
"freak",3
"freez",3
"fret",3
"fright",3
"frighten",3
"futil",3
"hardlin",3
"hassl",3
"heartbreak",3
"heckl",3
"hell",3
"helpless",3
"hideous",3
"hiss",3
"hopeless",3
"hostil",3
"hum",3
"ignomini",3
"ignor",3
"illog",3
"immor",3
"impati",3
"impolit",3
"impos",3
"imprecis",3
"improb",3
"impud",3
"incoher",3
"incompat",3
"incompet",3
"indec",3
"indecis",3
"indetermin",3
"indiscrimin",3
"ineffect",3
"ineffectu",3
"ineffici",3
"inequ",3
"infect",3
"infring",3
"inhuman",3
"insan",3
"insensit",3
"insignific",3
"insincer",3
"insinu",3
"insol",3
"instig",3
"insuffici",3
"interfer",3
"interrupt",3
"intoler",3
"invalid",3
"invidi",3
"iron",3
"isol",3
"jealous",3
"judder",3
"lament",3
"languor",3
"laps",3
"leak",3
"lewd",3
"licenti",3
"lose",3
"mad",3
"madden",3
"malevol",3
"malici",3
"mawkish",3
"menac",3
"misalign",3
"misguid",3
"mislead",3
"mispronounc",3
"miss",3
"mistrust",3
"misunderstand",3
"moron",3
"mortifi",3
"mourn",3
"mysteri",3
"nervous",3
"object",3
"obscen",3
"offend",3
"overst",3
"pander",3
"panick",3
"peril",3
"pervert",3
"piti",3
"poison",3
"pollut",3
"procrastin",3
"prohibit",3
"provoc",3
"rape",3
"rattl",3
"reckless",3
"regress",3
"relentless",3
"reluct",3
"remors",3
"remorseless",3
"repress",3
"resent",3
"reveng",3
"revolt",3
"rigid",3
"rip",3
"ruthless",3
"sad",3
"savag",3
"scar",3
"scorn",3
"scratch",3
"screw",3
"selfish",3
"sever",3
"shameless",3
"sick",3
"sicken",3
"sin",3
"slow",3
"slump",3
"sneer",3
"sore",3
"sorrow",3
"spoil",3
"squeal",3
"startl",3
"steal",3
"stereotyp",3
"stifl",3
"sting",3
"strain",3
"stubborn",3
"stumbl",3
"stump",3
"stupid",3
"subvers",3
"suck",3
"sue",3
"superfici",3
"tangl",3
"tank",3
"terribl",3
"thoughtless",3
"threaten",3
"tire",3
"tout",3
"traitor",3
"tumbl",3
"twist",3
"unaccept",3
"undercut",3
"unjustifi",3
"unlaw",3
"uproar",3
"veng",3
"venom",3
"vex",3
"vicious",3
"villain",3
"villian",3
"vindict",3
"virul",3
"weak",3
"wobbl",3
"worthless",3
"wreak",3
"wretch",3
"wrinkl",3
"wrip",3
"wrong",3
"zap",3
"abrupt",2
"abysm",2
"adam",2
"advers",2
"adversari",2
"aggriev",2
"agoni",2
"ail",2
"allergi",2
"ambigu",2
"ambival",2
"anarchist",2
"angri",2
"annihil",2
"antagon",2
"antagonist",2
"anxieti",2
"apathet",2
"apologist",2
"arduous",2
"asinin",2
"assassin",2
"atroc",2
"attack",2
"autocrat",2
"avarici",2
"avers",2
"awe",2
"awkward",2
"backbit",2
"backward",2
"backwood",2
"bad",2
"banal",2
"banish",2
"bastard",2
"batter",2
"beg",2
"beggar",2
"bemoan",2
"bent",2
"bereav",2
"bicker",2
"bigotri",2
"bite",2
"blasphem",2
"blatant",2
"blister",2
"boil",2
"bombard",2
"breakup",2
"broken",2
"bulki",2
"bull",2
"bungl",2
"burdensom",2
"bust",2
"calam",2
"calamit",2
"cancer",2
"cannib",2
"careless",2
"cat",2
"caustic",2
"chastis",2
"clamor",2
"clich",2
"cloud",2
"coat",2
"cold",2
"commot",2
"complaint",2
"complic",2
"compuls",2
"conced",2
"conceit",2
"concen",2
"concess",2
"congest",2
"conspicu",2
"conspir",2
"conspiraci",2
"contempt",2
"contemptu",2
"contort",2
"contradict",2
"contriv",2
"controversi",2
"coward",2
"crap",2
"craven",2
"crazi",2
"cruel",2
"cruelti",2
"crumbl",2
"cunt",2
"cuss",2
"cynic",2
"damnabl",2
"dark",2
"darken",2
"dastard",2
"daze",2
"dead",2
"debauch",2
"debilit",2
"debt",2
"decad",2
"decay",2
"defiant",2
"defil",2
"deform",2
"dehuman",2
"delinqu",2
"delud",2
"delus",2
"demean",2
"demolish",2
"depriv",2
"desert",2
"desicc",2
"despic",2
"despis",2
"despoil",2
"destitut",2
"destroy",2
"detriment",2
"deviat",2
"devil",2
"devilish",2
"diatrib",2
"difficulti",2
"ding",2
"dirt",2
"dirtbag",2
"disabl",2
"disaffect",2
"disastr",2
"disavow",2
"disbeliev",2
"discourt",2
"discrimin",2
"disgruntl",2
"dishonest",2
"disinclin",2
"disingenu",2
"disinterest",2
"dismiss",2
"disobedi",2
"disori",2
"displac",2
"disregard",2
"disreput",2
"dissappoint",2
"dissembl",2
"dissolut",2
"dizz",2
"dog",2
"domin",2
"doom",2
"douchebag",2
"downheart",2
"downsid",2
"downturn",2
"drastic",2
"drawback",2
"droop",2
"drop",2
"dropout",2
"dubious",2
"dungeon",2
"eccentr",2
"egotist",2
"egregi",2
"emphat",2
"encroach",2
"enemi",2
"entangl",2
"entrap",2
"erod",2
"errat",2
"erron",2
"error",2
"evas",2
"evil",2
"exagger",2
"excess",2
"excruci",2
"excus",2
"exorbit",2
"expir",2
"exploit",2
"expropri",2
"extermin",2
"extort",2
"extremist",2
"fabric",2
"face",2
"faceti",2
"failur",2
"fals",2
"falter",2
"fastidi",2
"fatal",2
"fatalist",2
"fatcat",2
"fatigu",2
"fatuous",2
"fault",2
"feebl",2
"fever",2
"fiction",2
"flabbergast",2
"flagrant",2
"flair",2
"flake",2
"flaki",2
"flare",2
"flareup",2
"flounder",2
"fool",2
"forbid",2
"forebod",2
"forlorn",2
"foul",2
"fractious",2
"frazzl",2
"freakish",2
"frenet",2
"frenzi",2
"friction",2
"fruitless",2
"fuck",2
"fume",2
"furious",2
"gaff",2
"gainsay",2
"glare",2
"glitch",2
"goad",2
"graceless",2
"grate",2
"griev",2
"grievanc",2
"grievous",2
"gripe",2
"gruesom",2
"hack",2
"halfheart",2
"hallucin",2
"hamper",2
"hang",2
"harbor",2
"harden",2
"hardship",2
"harsh",2
"hater",2
"haunt",2
"hazard",2
"headach",2
"heavi",2
"heret",2
"horrend",2
"hothead",2
"hype",2
"idioci",2
"illeg",2
"illus",2
"immin",2
"immoder",2
"impair",2
"imped",2
"imperi",2
"impetu",2
"implaus",2
"implic",2
"importun",2
"imposs",2
"impoverish",2
"imprison",2
"improp",2
"imprud",2
"impuls",2
"impur",2
"inaccur",2
"inaccuraci",2
"inact",2
"inadequ",2
"inadver",2
"inadvis",2
"inan",2
"inappropri",2
"incap",2
"incess",2
"incit",2
"incompar",2
"incomprehens",2
"inconceiv",2
"incongru",2
"inconsequ",2
"inconsequenti",2
"inconsider",2
"inconsol",2
"inconveni",2
"incorrect",2
"incorrig",2
"incredul",2
"indiffer",2
"indiscreet",2
"indoctrin",2
"inefficaci",2
"ineleg",2
"ineloqu",2
"inept",2
"inequit",2
"inescap",2
"inevit",2
"inexcus",2
"inexor",2
"inexpert",2
"inextric",2
"infam",2
"inferior",2
"infest",2
"infidel",2
"infiltr",2
"inflam",2
"inhibit",2
"inhospit",2
"inim",2
"injuri",2
"injustic",2
"inordin",2
"insecur",2
"insidi",2
"instabl",2
"insubstanti",2
"insuffer",2
"insupport",2
"insurmount",2
"intefer",2
"interest",2
"intransig",2
"intrus",2
"inund",2
"irat",2
"ironi",2
"irredeem",2
"irregular",2
"irrelev",2
"irrespons",2
"issu",2
"itch",2
"jitter",2
"jutter",2
"known",2
"lackey",2
"lambast",2
"lame",2
"laughabl",2
"lawbreak",2
"lawless",2
"layoff",2
"leakag",2
"lecher",2
"liar",2
"livid",2
"loathsom",2
"lone",2
"loophol",2
"loser",2
"loss",2
"ludicr",2
"lurk",2
"maladjust",2
"malcont",2
"malign",2
"maniac",2
"margin",2
"martyrdom",2
"massacr",2
"mediocr",2
"melodramat",2
"merciless",2
"mindless",2
"misbecom",2
"miscalcul",2
"mischiev",2
"misconcept",2
"miscreant",2
"miseri",2
"misgiv",2
"misinform",2
"misjudg",2
"misread",2
"mist",2
"mistak",2
"mistaken",2
"mockeri",2
"molest",2
"monstros",2
"monstrous",2
"morbid",2
"mordant",2
"mudsling",2
"nag",2
"naiv",2
"nasti",2
"nebul",2
"needless",2
"nefari",2
"neglect",2
"neglig",2
"neurot",2
"niggl",2
"nightmarish",2
"nitpick",2
"nois",2
"notori",2
"obliter",2
"obnoxi",2
"obstin",2
"odd",2
"odditi",2
"omin",2
"oner",2
"opposit",2
"outburst",2
"overact",2
"overbear",2
"oversight",2
"oversimplifi",2
"overstat",2
"overthrow",2
"overzeal",2
"pale",2
"paradox",2
"partisan",2
"passiv",2
"pathet",2
"pauper",2
"peculiar",2
"peev",2
"peevish",2
"persecut",2
"pertinaci",2
"perturb",2
"pessimist",2
"petrifi",2
"pig",2
"pitiless",2
"plea",2
"plunder",2
"pointless",2
"poor",2
"precari",2
"precipit",2
"prejudic",2
"preposter",2
"presumptu",2
"pretenti",2
"price",2
"prickl",2
"prison",2
"problem",2
"profan",2
"pugnaci",2
"punish",2
"puppet",2
"puzzl",2
"qualm",2
"quibbl",2
"racist",2
"rage",2
"rascal",2
"redund",2
"regrett",2
"reproach",2
"reprov",2
"repudi",2
"resign",2
"restless",2
"retreat",2
"revil",2
"revuls",2
"rhetor",2
"rift",2
"rile",2
"risk",2
"rumor",2
"rust",2
"rut",2
"sarcast",2
"sardon",2
"satir",2
"scam",2
"scandel",2
"scarc",2
"scare",2
"scath",2
"scorch",2
"scuff",2
"second",2
"seeth",2
"senseless",2
"setback",2
"short",2
"shortcom",2
"shroud",2
"shun",2
"sidetrack",2
"simplist",2
"sinist",2
"sink",2
"skittish",2
"slaughter",2
"slave",2
"sloth",2
"slut",2
"smolder",2
"smoulder",2
"smug",2
"snappish",2
"snob",2
"sober",2
"sour",2
"split",2
"spoilag",2
"spoon",2
"squabbl",2
"squeak",2
"stagnat",2
"stain",2
"stall",2
"stark",2
"stiff",2
"stink",2
"stoog",2
"strang",2
"strict",2
"strident",2
"stringent",2
"stunt",2
"stupifi",2
"subject",2
"subjug",2
"subpoena",2
"subservi",2
"sugar",2
"suicid",2
"suppress",2
"suspici",2
"suspicion",2
"swell",2
"symptom",2
"taint",2
"teas",2
"tedious",2
"temper",2
"tentat",2
"tenuous",2
"threat",2
"thumb",2
"time",2
"tingl",2
"torment",2
"tragic",2
"transgress",2
"trap",2
"trash",2
"travesti",2
"treacher",2
"treason",2
"trick",2
"trivial",2
"troublesom",2
"two",2
"tyrann",2
"ugli",2
"ultimatum",2
"unbear",2
"unbeliev",2
"uncivil",2
"uncomfort",2
"uncompromis",2
"unconvinc",2
"undepend",2
"uneasi",2
"unexpect",2
"unfaith",2
"unfortun",2
"unhappi",2
"unimagin",2
"unjust",2
"unkind",2
"unlament",2
"unnatur",2
"unravel",2
"unreason",2
"unrel",2
"unreli",2
"unscrupul",2
"unspeak",2
"unsteadi",2
"unsuccess",2
"unsupport",2
"unthink",2
"unusu",2
"unwil",2
"unwis",2
"uproari",2
"usurp",2
"vagu",2
"vain",2
"vehement",2
"vile",2
"violent",2
"vocifer",2
"volatil",2
"wane",2
"wari",2
"warn",2
"warp",2
"water",2
"weaken",2
"weari",2
"weird",2
"whine",2
"whore",2
"wick",2
"wild",2
"woman",2
"wood",2
"worsen",2
"wound",2
"zealous",2
"abolish",1
"abrad",1
"abras",1
"abscond",1
"absenc",1
"absent",1
"absente",1
"abyss",1
"accident",1
"accost",1
"accurs",1
"achey",1
"act",1
"admonit",1
"adulteri",1
"advis",1
"affront",1
"afraid",1
"aggressor",1
"aggriv",1
"aghast",1
"aground",1
"ailment",1
"aimless",1
"allerg",1
"aloof",1
"alterc",1
"ambush",1
"american",1
"amiss",1
"amput",1
"anarch",1
"anarchi",1
"anem",1
"anger",1
"angrili",1
"anguish",1
"animos",1
"anomal",1
"anomali",1
"antipathi",1
"antiqu",1
"antithet",1
"apathi",1
"apocalyps",1
"apocalypt",1
"arbitrari",1
"arcan",1
"archaic",1
"argument",1
"asham",1
"asininin",1
"askanc",1
"assail",1
"assault",1
"assult",1
"astray",1
"asund",1
"atroci",1
"atrophi",1
"audac",1
"audici",1
"auster",1
"authoritarian",1
"avalanch",1
"avaric",1
"aveng",1
"babbl",1
"bafflement",1
"bait",1
"balanc",1
"balk",1
"bane",1
"bankrupt",1
"barbarian",1
"barren",1
"baseless",1
"batti",1
"bearish",1
"beast",1
"bedlam",1
"bedlamit",1
"befoul",1
"beguil",1
"belabor",1
"belat",1
"beleagu",1
"beli",1
"bellicos",1
"bemus",1
"berat",1
"bereft",1
"berserk",1
"beseech",1
"beset",1
"besieg",1
"besmirch",1
"bestial",1
"bewail",1
"bewar",1
"bewilder",1
"bewitch",1
"bid",1
"bitch",1
"bitchi",1
"bizarr",1
"blab",1
"blabber",1
"blackmail",1
"blah",1
"blame",1
"blameworthi",1
"bland",1
"blandish",1
"blasphemi",1
"blast",1
"blather",1
"blemish",1
"blindsid",1
"bloat",1
"blockag",1
"blockhead",1
"bloodi",1
"bloodsh",1
"bloodthirsti",1
"blotchi",1
"blow",1
"blown",1
"blunt",1
"blure",1
"blurri",1
"blurt",1
"boast",1
"boggl",1
"bogus",1
"boister",1
"bomb",1
"bombast",1
"bondag",1
"bonker",1
"boredom",1
"botch",1
"bothersom",1
"bowdler",1
"boycott",1
"braggart",1
"bragger",1
"brainless",1
"brainwash",1
"brat",1
"bravado",1
"breach",1
"breakdown",1
"briberi",1
"brimston",1
"bristl",1
"brittl",1
"broke",1
"brood",1
"browbeat",1
"brusqu",1
"brutalis",1
"brute",1
"brutish",1
"buckl",1
"buggi",1
"bulkier",1
"bulky",1
"bullshit",1
"bullshyt",1
"bum",1
"bumpi",1
"bungler",1
"bunk",1
"burden",1
"busybodi",1
"butcher",1
"butcheri",1
"buzz",1
"byzantin",1
"cabnorm",1
"cackl",1
"cal",1
"callous",1
"capitul",1
"capsiz",1
"caricatur",1
"carnag",1
"carp",1
"cartoonish",1
"cash",1
"castig",1
"castrat",1
"casualti",1
"catastrophi",1
"cautionari",1
"cave",1
"censur",1
"chafe",1
"chaff",1
"chagrin",1
"challeng",1
"chao",1
"chaotic",1
"chasten",1
"chatter",1
"chatterbox",1
"cheap",1
"cheapen",1
"cheapli",1
"cheater",1
"checker",1
"cheerless",1
"cheesi",1
"chide",1
"childish",1
"chill",1
"chilli",1
"chintzi",1
"choke",1
"choler",1
"choppi",1
"chore",1
"chronic",1
"chunki",1
"clash",1
"class",1
"cliqu",1
"cloudi",1
"clueless",1
"clumsi",1
"clunki",1
"coars",1
"cocki",1
"coerc",1
"coercion",1
"coerciv",1
"collaps",1
"collud",1
"collus",1
"combat",1
"combust",1
"comic",1
"commiser",1
"commonplac",1
"complac",1
"complex",1
"complicit",1
"con",1
"conceiv",1
"condescens",1
"confid",1
"confin",1
"conscon",1
"conserv",1
"conspiratori",1
"constern",1
"consum",1
"contagi",1
"contend",1
"content",1
"contenti",1
"contradictori",1
"contrari",1
"contraven",1
"convolut",1
"corrod",1
"cost",1
"costlier",1
"counter",1
"counterproduct",1
"coup",1
"coupist",1
"covet",1
"crabbi",1
"craft",1
"crafti",1
"craftili",1
"cranki",1
"crappi",1
"crass",1
"craze",1
"crazili",1
"credul",1
"creepi",1
"crept",1
"cri",1
"crime",1
"crimin",1
"crisi",1
"cronyism",1
"crowd",1
"crowded",1
"crude",1
"crueler",1
"cruelest",1
"cruelli",1
"crummi",1
"culpabl",1
"culprit",1
"cumbersom",1
"cuplrit",1
"curt",1
"cutthroat",1
"dalli",1
"damnat",1
"damper",1
"darker",1
"dawdl",1
"deadbeat",1
"deadlock",1
"deadweight",1
"deaf",1
"dearth",1
"death",1
"debacl",1
"debat",1
"debaucheri",1
"debil",1
"declaim",1
"decrement",1
"decrepit",1
"decrepitud",1
"decri",1
"defamatori",1
"defeat",1
"defens",1
"defi",1
"defianc",1
"defin",1
"defraud",1
"defunct",1
"deign",1
"deliri",1
"delirium",1
"delug",1
"delusion",1
"demis",1
"denial",1
"denigr",1
"denounc",1
"dens",1
"deplet",1
"deprec",1
"derid",1
"derogatori",1
"desecr",1
"design",1
"desititut",1
"destabilis",1
"destain",1
"desultori",1
"deter",1
"deterr",1
"develop",1
"devilri",1
"devoid",1
"diametr",1
"diappoint",1
"dick",1
"dictat",1
"dictatori",1
"difficult",1
"diffid",1
"dilapid",1
"dilemma",1
"dilli",1
"dim",1
"dimmer",1
"din",1
"dinki",1
"dirti",1
"disaccord",1
"disaffirm",1
"disagr",1
"disallow",1
"disapprob",1
"disarm",1
"disarray",1
"disast",1
"disaster",1
"disbelief",1
"disclaim",1
"discombobul",1
"discomfit",1
"discomfititur",1
"discomfort",1
"discompos",1
"discounten",1
"discoutin",1
"discredit",1
"discrep",1
"discriminatori",1
"disfavor",1
"dishonesti",1
"disillusion",1
"disloc",1
"disloy",1
"disloyalti",1
"disobey",1
"disoobedi",1
"disorgan",1
"disown",1
"dispens",1
"displeasur",1
"disproportion",1
"disprov",1
"disquietud",1
"disrespectabl",1
"dissapoint",1
"dissatisfact",1
"dissatisfactori",1
"dissens",1
"disservic",1
"dissoci",1
"dissuad",1
"dissuas",1
"distain",1
"disun",1
"disvalu",1
"ditch",1
"diverg",1
"dizzi",1
"dmn",1
"dodder",1
"dodgey",1
"dogmat",1
"doldrum",1
"donsid",1
"doomsday",1
"dope",1
"douchbag",1
"downbeat",1
"downcast",1
"downer",1
"downfal",1
"downfallen",1
"downgrad",1
"downhil",1
"drab",1
"dracon",1
"draconian",1
"dragoon",1
"dreari",1
"drippi",1
"drone",1
"drought",1
"drown",1
"drunk",1
"drunkard",1
"drunken",1
"dubit",1
"duck",1
"dud",1
"dull",1
"dullard",1
"dumb",1
"dumbfound",1
"dunc",1
"dupe",1
"dust",1
"dusti",1
"dwindl",1
"earsplit",1
"effigi",1
"effronteri",1
"egocentr",1
"egomania",1
"egot",1
"elect",1
"elimin",1
"emaci",1
"emascul",1
"embattl",1
"emerg",1
"empti",1
"endang",1
"enerv",1
"enfeebl",1
"enflam",1
"engulf",1
"enjoin",1
"enmiti",1
"enslav",1
"epidem",1
"equivoc",1
"eras",1
"eros",1
"err",1
"errant",1
"erupt",1
"escapad",1
"eschew",1
"estrang",1
"evad",1
"evildo",1
"eviscer",1
"exacerb",1
"exclus",1
"excori",1
"execr",1
"exhorbit",1
"exhort",1
"exil",1
"exorbitant",1
"expel",1
"expens",1
"explod",1
"explos",1
"expuls",1
"expung",1
"extinguish",1
"extran",1
"extrem",1
"eyesor",1
"faint",1
"faintheart",1
"faithless",1
"fake",1
"fallen",1
"fallout",1
"falsehood",1
"falsifi",1
"famin",1
"famish",1
"fanatic",1
"fanci",1
"far",1
"farc",1
"farfetch",1
"fascism",1
"fascist",1
"fastuous",1
"fathomless",1
"fatiqu",1
"fatti",1
"fatuiti",1
"faulti",1
"favor",1
"fawn",1
"faze",1
"fearsom",1
"feckless",1
"fed",1
"feeblemind",1
"feed",1
"feign",1
"feint",1
"fell",1
"felon",1
"feloni",1
"feroc",1
"feroci",1
"fetch",1
"fetid",1
"feverish",1
"fiasco",1
"fib",1
"fibber",1
"fickl",1
"fictiti",1
"fidget",1
"fidgeti",1
"fiend",1
"fiendish",1
"fierc",1
"figurehead",1
"filth",1
"filthi",1
"finagl",1
"finicki",1
"fissur",1
"fist",1
"flag",1
"flak",1
"flakey",1
"flat",1
"flaunt",1
"fleed",1
"fleer",1
"fleet",1
"flex",1
"flicer",1
"flighti",1
"flimflam",1
"flimsi",1
"flirt",1
"flirti",1
"floor",1
"flout",1
"fluster",1
"foe",1
"foolhardi",1
"forbidden",1
"forc",1
"forfeit",1
"forg",1
"form",1
"forsak",1
"forsaken",1
"forswear",1
"foulli",1
"fractur",1
"fragil",1
"fragment",1
"frail",1
"fraud",1
"fraudul",1
"fraught",1
"fri",1
"frig",1
"friggin",1
"frigid",1
"frost",1
"frown",1
"froze",1
"frozen",1
"fudg",1
"fugit",1
"full",1
"fulmin",1
"fumbl",1
"fundament",1
"funki",1
"funni",1
"funnili",1
"furi",1
"furor",1
"fuss",1
"fussi",1
"fusti",1
"fustig",1
"fuzzi",1
"gabbl",1
"gangster",1
"gape",1
"garbag",1
"garish",1
"gasp",1
"gauch",1
"gaudi",1
"gawk",1
"gawki",1
"geezer",1
"genic",1
"genocid",1
"get",1
"ghast",1
"ghetto",1
"ghost",1
"gibber",1
"gibberish",1
"gibe",1
"giddi",1
"gimmicki",1
"glib",1
"glibli",1
"gloat",1
"gloom",1
"gloomi",1
"glower",1
"glum",1
"glut",1
"gnaw",1
"god",1
"goof",1
"goofi",1
"goon",1
"gossip",1
"graft",1
"graini",1
"grappl",1
"grave",1
"greasi",1
"greed",1
"greedi",1
"grief",1
"grim",1
"grimac",1
"grind",1
"grisli",1
"gritti",1
"gross",1
"grossli",1
"grotesqu",1
"grouch",1
"grouchi",1
"groundless",1
"grous",1
"growl",1
"gruff",1
"grumbl",1
"grumpi",1
"grumpier",1
"grumpiest",1
"grumpili",1
"grumpish",1
"guil",1
"guilt",1
"guilti",1
"guiltili",1
"gullibl",1
"gutless",1
"gutter",1
"haggard",1
"haggl",1
"hairloss",1
"hand",1
"handicap",1
"haphazard",1
"hapless",1
"happi",1
"harangu",1
"hardbal",1
"hardhead",1
"hardheart",1
"harpi",1
"harri",1
"harridan",1
"harrow",1
"hassel",1
"hast",1
"hasti",1
"hastili",1
"hatr",1
"haughti",1
"haughtili",1
"havoc",1
"hawkish",1
"haywir",1
"haze",1
"hazi",1
"head",1
"heart",1
"heartless",1
"heathen",1
"heavyheart",1
"heck",1
"hectic",1
"hedg",1
"hedonist",1
"heedless",1
"hefti",1
"hegemon",1
"hegemoni",1
"hegemonist",1
"heinous",1
"hellion",1
"heresi",1
"hesit",1
"hestit",1
"high",1
"hiliari",1
"hinder",1
"hindranc",1
"hit",1
"hoard",1
"hoax",1
"hobbl",1
"hog",1
"hollow",1
"hoodium",1
"hoodwink",1
"hooligan",1
"hord",1
"horribl",1
"horrid",1
"horrif",1
"hostag",1
"hotb",1
"hothous",1
"hubri",1
"huckster",1
"humid",1
"hung",1
"hustler",1
"hypocrici",1
"hypocrisi",1
"hysteria",1
"idl",1
"ignobl",1
"illegitim",1
"illicit",1
"illiter",1
"illusori",1
"imaginari",1
"imbal",1
"imbecil",1
"imbroglio",1
"immateri",1
"immatur",1
"immobil",1
"immodest",1
"immov",1
"impass",1
"impeach",1
"impedi",1
"impend",1
"impenit",1
"imperialist",1
"imperil",1
"impermiss",1
"imperson",1
"impertin",1
"impieti",1
"imping",1
"impious",1
"implac",1
"implod",1
"imposit",1
"impossibl",1
"impot",1
"impract",1
"imprec",1
"improprieti",1
"impugn",1
"impun",1
"inabl",1
"inadequaci",1
"inapt",1
"inaptitud",1
"inarticul",1
"inattent",1
"inaud",1
"incauti",1
"incendiari",1
"incens",1
"incivil",1
"inclement",1
"incogniz",1
"incommensur",1
"incomplet",1
"incompli",1
"inconst",1
"inculc",1
"indecorum",1
"indefens",1
"indel",1
"indig",1
"indiscern",1
"indiscret",1
"indistinguish",1
"indol",1
"indulg",1
"inelig",1
"ineptitud",1
"inessenti",1
"inexperi",1
"inexperienc",1
"inexpi",1
"inexplain",1
"infami",1
"infern",1
"infirm",1
"inflamm",1
"inflammatori",1
"inflat",1
"inflationari",1
"inflex",1
"inflict",1
"infract",1
"inglori",1
"ingrat",1
"ingratitud",1
"iniqu",1
"iniquit",1
"injudici",1
"injur",1
"innuendo",1
"inoper",1
"inopportun",1
"insati",1
"insens",1
"insoci",1
"insolv",1
"insouci",1
"insubordin",1
"insular",1
"insurrect",1
"intens",1
"intermitt",1
"intox",1
"intract",1
"intrud",1
"invad",1
"invas",1
"invect",1
"inveigl",1
"invis",1
"involuntari",1
"involuntarili",1
"irasc",1
"ire",1
"irragular",1
"irreconcil",1
"irreform",1
"irrepar",1
"irreplac",1
"irrepress",1
"irresolut",1
"irresolv",1
"irret",1
"irretriev",1
"irrevers",1
"isra",1
"itchi",1
"jabber",1
"jade",1
"jag",1
"jam",1
"jar",1
"jaundic",1
"jealousi",1
"jeopard",1
"jeopardi",1
"jerk",1
"jerki",1
"jitteri",1
"job",1
"jobless",1
"joke",1
"joker",1
"jolt",1
"jumpi",1
"junk",1
"junki",1
"junkyard",1
"kaput",1
"killer",1
"killjoy",1
"knave",1
"knife",1
"knock",1
"knot",1
"kook",1
"kooki",1
"lackadais",1
"lacklust",1
"lacon",1
"laggi",1
"laid",1
"languid",1
"languish",1
"lanki",1
"lascivi",1
"last",1
"latenc",1
"laughingstock",1
"lazi",1
"leaki",1
"lean",1
"lech",1
"lecheri",1
"leech",1
"leer",1
"leeri",1
"left",1
"lemon",1
"lengthi",1
"less",1
"lesser",1
"letch",1
"lethal",1
"letharg",1
"lethargi",1
"liabil",1
"liabl",1
"lier",1
"life",1
"lifeless",1
"like",1
"limp",1
"line",1
"liner",1
"listless",1
"litigi",1
"littl",1
"live",1
"log",1
"loneli",1
"loner",1
"lonesom",1
"loos",1
"loot",1
"lorn",1
"lost",1
"loud",1
"louder",1
"lousi",1
"loveless",1
"lovelorn",1
"low",1
"lowli",1
"lugubri",1
"lukewarm",1
"lull",1
"lumpi",1
"lunat",1
"lunatic",1
"lurch",1
"lure",1
"lurid",1
"macabr",1
"madder",1
"madman",1
"maladi",1
"malais",1
"maledict",1
"malic",1
"malodor",1
"maltreat",1
"mania",1
"manic",1
"manner",1
"mar",1
"mash",1
"matt",1
"meager",1
"mean",1
"meaningless",1
"measli",1
"meddl",1
"meddlesom",1
"melancholi",1
"meltdown",1
"mendac",1
"mendaci",1
"menial",1
"messi",1
"midget",1
"miff",1
"milit",1
"mind",1
"mirag",1
"mire",1
"misapprehend",1
"misbegotten",1
"misbehav",1
"misbehavior",1
"miscellan",1
"mischief",1
"misdirect",1
"misfit",1
"misfortun",1
"mishandl",1
"mishap",1
"misinterpret",1
"mislik",1
"mismanag",1
"misrepres",1
"misrepresent",1
"misstat",1
"mistifi",1
"mistress",1
"misunderstood",1
"misus",1
"moan",1
"mobster",1
"monoton",1
"monotoni",1
"monster",1
"moodi",1
"moot",1
"mope",1
"moribund",1
"mortif",1
"motionless",1
"motley",1
"mourner",1
"move",1
"muddi",1
"muddl",1
"mulish",1
"multi",1
"mundan",1
"murki",1
"muscl",1
"mushi",1
"musti",1
"mystifi",1
"myth",1
"narrow",1
"nastili",1
"natur",1
"naughti",1
"na√",1
"needi",1
"nemesi",1
"nepot",1
"nettl",1
"nettlesom",1
"nightmar",1
"noisi",1
"noisier",1
"non",1
"nonexist",1
"nonrespons",1
"nonsens",1
"nosey",1
"notorieti",1
"noxious",1
"nuisanc",1
"numb",1
"obes",1
"objection",1
"obliqu",1
"oblivi",1
"obsolet",1
"obstacl",1
"obtrus",1
"obtus",1
"occup",1
"odder",1
"oddest",1
"odor",1
"offenc",1
"offici",1
"omiss",1
"omit",1
"one",1
"onslaught",1
"opinion",1
"oppon",1
"opportunist",1
"oppos",1
"oppressor",1
"ordeal",1
"orphan",1
"ostrac",1
"outbreak",1
"outcast",1
"outcri",1
"outlaw",1
"outmod",1
"outsid",1
"overaw",1
"overbal",1
"overbalanc",1
"overblown",1
"overdo",1
"overdon",1
"overdu",1
"overemphas",1
"overheat",1
"overkil",1
"overload",1
"overlook",1
"overpaid",1
"overpay",1
"overplay",1
"overpow",1
"overpr",1
"overr",1
"overreach",1
"overrun",1
"overs",1
"overshadow",1
"oversimplif",1
"overtax",1
"overturn",1
"overweight",1
"overzel",1
"painful",1
"paltri",1
"pan",1
"pandemonium",1
"panic",1
"panicki",1
"par",1
"paral",1
"paralyz",1
"paranoia",1
"paranoid",1
"parasit",1
"pariah",1
"parodi",1
"partial",1
"pass",1
"patron",1
"pauciti",1
"payback",1
"pedant",1
"peel",1
"penal",1
"penalti",1
"perfid",1
"perfidi",1
"perfunctori",1
"perish",1
"pernici",1
"pertinac",1
"pervas",1
"pessim",1
"pest",1
"pestil",1
"petti",1
"pettifog",1
"phobia",1
"phobic",1
"phoni",1
"picki",1
"pillag",1
"pillori",1
"pimpl",1
"pinch",1
"piqu",1
"pitiabl",1
"pittanc",1
"plagiar",1
"plagu",1
"plasticki",1
"playth",1
"plebeian",1
"plight",1
"plot",1
"plotter",1
"ploy",1
"pokey",1
"poki",1
"polar",1
"polaris",1
"polem",1
"polut",1
"pompous",1
"poorer",1
"poorest",1
"postur",1
"pout",1
"poverti",1
"powerless",1
"prate",1
"pratfal",1
"prattl",1
"predatori",1
"predica",1
"prejudg",1
"prejudici",1
"premedit",1
"preoccupi",1
"pretenc",1
"pretend",1
"pretens",1
"prevar",1
"pri",1
"pricey",1
"pricier",1
"prick",1
"pride",1
"prik",1
"primit",1
"problemat",1
"product",1
"prolifer",1
"propagand",1
"propaganda",1
"proprietari",1
"prosecut",1
"protract",1
"provok",1
"pugnac",1
"punch",1
"puni",1
"punit",1
"punk",1
"puzzlement",1
"quack",1
"quandari",1
"quarrelsom",1
"quash",1
"queer",1
"question",1
"quitter",1
"rabid",1
"raci",1
"racism",1
"rag",1
"rail",1
"rake",1
"rampag",1
"rampant",1
"ramshackl",1
"rancor",1
"random",1
"rankl",1
"rash",1
"rate",1
"ravag",1
"rave",1
"reactionari",1
"rebelli",1
"rebuff",1
"rebuk",1
"recalcitr",1
"recant",1
"recess",1
"recessionari",1
"recoil",1
"recours",1
"relaps",1
"renounc",1
"renunci",1
"repel",1
"repetit",1
"reprimand",1
"resist",1
"resurg",1
"retali",1
"retaliatori",1
"retarded",1
"retic",1
"retract",1
"revert",1
"revok",1
"rhapsod",1
"ricer",1
"rich",1
"rife",1
"rig",1
"rigger",1
"ripoff",1
"riski",1
"rival",1
"rivalri",1
"roadblock",1
"rocki",1
"rogu",1
"rollercoast",1
"rot",1
"rotten",1
"rough",1
"rremedi",1
"rubbish",1
"rude",1
"rue",1
"ruffian",1
"ruffl",1
"ruinous",1
"rumbl",1
"rumour",1
"rumpl",1
"run",1
"runaway",1
"ruptur",1
"rusti",1
"sabotag",1
"sack",1
"sacrif",1
"sadden",1
"saggi",1
"salaci",1
"sanctimoni",1
"sap",1
"sarcasm",1
"sass",1
"savageri",1
"scali",1
"scant",1
"scapegoat",1
"scarciti",1
"scari",1
"scarier",1
"scariest",1
"scarili",1
"sceptic",1
"scof",1
"scoff",1
"scoundrel",1
"scourg",1
"scowl",1
"scrap",1
"scratchi",1
"scream",1
"screech",1
"screwi",1
"scum",1
"scummi",1
"secret",1
"sedentari",1
"seedi",1
"seek",1
"selfinterest",1
"semi",1
"semit",1
"senil",1
"sensation",1
"serious",1
"sermon",1
"serv",1
"servitud",1
"set",1
"shabbi",1
"shadi",1
"shadowi",1
"shake",1
"shaki",1
"shallow",1
"sham",1
"shambl",1
"shark",1
"sharpli",1
"shatter",1
"shemal",1
"shimmer",1
"shimmi",1
"shipwreck",1
"shirk",1
"shirker",1
"shit",1
"shiver",1
"shoddi",1
"shortag",1
"shortchang",1
"shortsight",1
"shortsighted",1
"showdown",1
"shrew",1
"shriek",1
"shrill",1
"shrilli",1
"shrivel",1
"shrug",1
"sht",1
"side",1
"sieg",1
"silli",1
"sillili",1
"skeleton",1
"sketchi",1
"skimpi",1
"skinni",1
"skulk",1
"slack",1
"slap",1
"slash",1
"sleazi",1
"sli",1
"slime",1
"sloooooooooooooow",1
"sloooow",1
"slooow",1
"sloow",1
"sloppi",1
"sloppili",1
"slower",1
"slowest",1
"slowli",1
"sloww",1
"slowww",1
"slowwww",1
"slug",1
"sluggish",1
"slur",1
"smack",1
"smallish",1
"smash",1
"smear",1
"smelli",1
"smelt",1
"smoke",1
"smokescreen",1
"smother",1
"smut",1
"smutti",1
"smuttier",1
"smuttiest",1
"snare",1
"snarki",1
"snarl",1
"sneak",1
"sneaki",1
"sneakili",1
"snobbi",1
"snobbish",1
"snobish",1
"snub",1
"soapi",1
"sob",1
"social",1
"solemn",1
"solicitud",1
"somber",1
"sorri",1
"sort",1
"spade",1
"spank",1
"spendi",1
"spill",1
"spinster",1
"spiritless",1
"splatter",1
"spoill",1
"spook",1
"spooki",1
"spookier",1
"spookiest",1
"spookili",1
"spoonf",1
"sporad",1
"spotti",1
"spurious",1
"spurn",1
"sputter",1
"squander",1
"squash",1
"squeaki",1
"squirm",1
"stab",1
"stagnant",1
"staid",1
"stale",1
"stalem",1
"stammer",1
"stamped",1
"standstil",1
"starv",1
"starvat",1
"static",1
"steep",1
"steepli",1
"stench",1
"stern",1
"stew",1
"sti",1
"sticki",1
"stigma",1
"stigmat",1
"stingi",1
"stodgi",1
"stole",1
"stolen",1
"stormi",1
"straggl",1
"straggler",1
"stranger",1
"strangest",1
"strangl",1
"strap",1
"streaki",1
"strenuous",1
"stricken",1
"strife",1
"strike",1
"struck",1
"strut",1
"stuck",1
"stuffi",1
"stun",1
"stupidest",1
"stupor",1
"stymi",1
"sub",1
"subdu",1
"submiss",1
"subordin",1
"substandard",1
"subtract",1
"subvert",1
"succumb",1
"sucker",1
"sucki",1
"suffoc",1
"sugarco",1
"sulk",1
"sullen",1
"sulli",1
"sunder",1
"sunk",1
"sunken",1
"superflu",1
"superstit",1
"superstiti",1
"surrend",1
"suscept",1
"suspect",1
"swagger",1
"swamp",1
"sweati",1
"swindl",1
"swipe",1
"swollen",1
"syndrom",1
"taboo",1
"tacki",1
"tamper",1
"tantrum",1
"tardi",1
"tatter",1
"taut",1
"tawdri",1
"tax",1
"temer",1
"tempest",1
"temptat",1
"tender",1
"tens",1
"tension",1
"tepid",1
"testi",1
"testili",1
"tetchi",1
"tetchili",1
"thankless",1
"thicker",1
"thirst",1
"thorni",1
"thrash",1
"threesom",1
"throttl",1
"thug",1
"thwart",1
"tier",1
"tin",1
"tiresom",1
"toil",1
"toll",1
"top",1
"toppl",1
"torrent",1
"tortuous",1
"totalitarian",1
"touchi",1
"tough",1
"toxic",1
"traduc",1
"tragedi",1
"tramp",1
"trampl",1
"trape",1
"trashi",1
"trauma",1
"treacheri",1
"treat",1
"treatment",1
"trickeri",1
"tricki",1
"troublemak",1
"truant",1
"tumultu",1
"turbul",1
"turmoil",1
"tyranni",1
"tyrant",1
"ugh",1
"uglier",1
"ugliest",1
"ulterior",1
"ultra",1
"unabl",1
"unaccess",1
"unaccustom",1
"unachiev",1
"unafford",1
"unapp",1
"unattract",1
"unauthent",1
"unavail",1
"unavoid",1
"uncar",1
"uncertain",1
"unclean",1
"unclear",1
"uncollect",1
"uncomfi",1
"uncompetit",1
"unconfirm",1
"unconstitut",1
"uncontrol",1
"uncoop",1
"uncouth",1
"uncreat",1
"undecid",1
"undefin",1
"underdog",1
"underestim",1
"underl",1
"underpaid",1
"underpow",1
"unders",1
"undesir",1
"undetermin",1
"undid",1
"undignifi",1
"undissolv",1
"undocu",1
"undon",1
"undu",1
"uneas",1
"uneasili",1
"uneconom",1
"unemploy",1
"unequ",1
"uneth",1
"unev",1
"uneven",1
"unexplain",1
"unfair",1
"unfamiliar",1
"unfavor",1
"unfeel",1
"unfinish",1
"unfit",1
"unforeseen",1
"unforgiv",1
"unfound",1
"unfriend",1
"unfulfil",1
"unfund",1
"ungovern",1
"ungrat",1
"unhappili",1
"unhealthi",1
"unhelp",1
"unilater",1
"unimport",1
"uninform",1
"uninsur",1
"unintellig",1
"unintelligil",1
"unipolar",1
"unknown",1
"unleash",1
"unlicens",1
"unlik",1
"unlucki",1
"unmov",1
"unnecessari",1
"unneed",1
"unnot",1
"unobserv",1
"unorthodox",1
"unorthodoxi",1
"unpleas",1
"unpleasantri",1
"unpopular",1
"unpredict",1
"unprepar",1
"unproduct",1
"unprofit",1
"unproven",1
"unqualifi",1
"unreach",1
"unread",1
"unrealist",1
"unresolv",1
"unrespons",1
"unrest",1
"unruli",1
"unsaf",1
"unsatisfactori",1
"unsavori",1
"unsecur",1
"unseem",1
"unskil",1
"unsophist",1
"unsound",1
"unspecifi",1
"unstabl",1
"unsteadili",1
"unsur",1
"unsuspect",1
"unsustain",1
"unten",1
"untest",1
"untim",1
"untouch",1
"untru",1
"untrustworthi",1
"untruth",1
"unview",1
"unwant",1
"unwarr",1
"unwatch",1
"unwel",1
"unwelcom",1
"unwieldi",1
"unwilling",1
"unwork",1
"unworthi",1
"unyield",1
"upbraid",1
"upheav",1
"upris",1
"uproot",1
"urgent",1
"usag",1
"use",1
"useless",1
"utter",1
"vagrant",1
"valuat",1
"vaniti",1
"vengeanc",1
"vent",1
"vestig",1
"vexat",1
"vice",1
"victim",1
"viewabl",1
"vilifi",1
"villifi",1
"viper",1
"virus",1
"vulgar",1
"vulner",1
"wack",1
"wail",1
"wallow",1
"wanton",1
"war",1
"warili",1
"warlik",1
"wash",1
"wayward",1
"weaker",1
"wearisom",1
"wedg",1
"weed",1
"weep",1
"wheedl",1
"whimper",1
"whini",1
"whip",1
"white",1
"wicked",1
"wile",1
"wili",1
"wilt",1
"wimpi",1
"winc",1
"wind",1
"woe",1
"woebegon",1
"woeful",1
"woefulli",1
"worn",1
"worrier",1
"worrisom",1
"wors",1
"worst",1
"wrangl",1
"wrath",1
"wreck",1
"wrest",1
"wrestl",1
"wretched",1
"writh",1
"wrought",1
"yawn",1
"yet",1
"zealot",1
"zombi",1
