S.NO,Topic 1,Topic 2,Topic 3,Topic 4,Topic 5
1,project,question,data,work,work
2,management,ibis,business,organisations,holmes
3,system,people,decision,enterprise,prof
4,processes,dialogue,example,approach,world
5,projects,example,based,organisation,indeed
6,managers,knowledge,approach,people,change
7,process,mapping,making,change,best
8,design,know,view,important,practices
9,within,questions,uncertainty,flexibility,big
10,development,time,different,organisational,entrepreneurship
11,case,really,model,conditions,things
12,risks,map,consequences,systems,time
13,users,things,however,time,sense
14,organisational,something,possible,team,rich
15,paper,just,situations,things,parmenides
16,actions,don,used,emergent,heraclitus
17,environment,group,reality,done,sean
18,therefore,years,standard,problem,know
19,consultants,problem,problems,however,consulting
20,example,situation,best,teams,let
21,systems,context,truth,error,bryant
22,work,different,decisions,must,changes
23,risk,issues,modelling,instead,pmo
24,routines,sense,models,problems,completely
25,rational,conversation,TRUE,many,problem
26,action,maps,whether,performance,scientific
27,failure,fact,many,control,believe
28,key,simple,world,human,office
29,points,interesting,tthe,individual,watson
30,high,note,information,technology,line
31,user,ability,matter,thinking,many
32,generated,planning,intelligence,costs,practice
33,surprises,start,another,something,theory
34,issue,yeah,notion,architects,understand
35,events,issue,clear,errors,productivity
36,internally,long,problem,usually,pmos
37,certain,better,stakeholders,always,don
38,however,groups,mainstream,features,every
39,technical,book,state,approaches,opportunities
40,ways,find,wicked,architecture,without
41,many,early,article,actually,job
42,problem,going,organisation,associated,light
43,typically,based,states,difference,working
44,software,quite,difficult,factors,style
45,although,glyma,general,group,heidegger
46,authors,asking,objective,needs,conventional
47,political,idea,others,cost,simply
48,sometimes,systems,question,framework,thought
49,whereas,understanding,life,understand,history
50,experts,sensemaking,claim,focus,choice
51,surprise,ago,domain,place,key
52,routine,arguments,least,wrong,rational
53,manager,done,less,better,security
54,perspective,getting,real,comes,still
55,practice,pretty,represented,design,somewhat
56,taken,complex,aware,little,essence
57,techniques,video,people,main,head
58,address,course,understanding,particularly,lives
59,another,area,space,leadership,anomalies
60,call,around,single,paul,years
61,common,earlier,types,person,book
62,obvious,information,alternate,differences,friend
63,rules,compendium,although,stakeholders,principles
64,study,figure,customer,term,thinking
65,author,notation,discuss,governance,mechanised
66,event,real,following,scapegoat,superficial
67,issues,search,indeed,result,disclosive
68,note,talk,makes,likely,facts
69,professional,experience,moreover,planned,little
70,open,hard,process,myth,objective
71,yet,finally,theory,research,others
72,requirements,later,towards,word,process
73,happens,technique,big,cause,ways
74,different,back,answer,causes,able
75,important,called,discussion,small,effect
76,structures,made,given,complexity,aren
77,follow,paper,important,unique,successful
78,structure,techniques,short,frameworks,changing
79,fail,used,social,means,due
80,clients,wicked,via,book,deep
81,according,written,views,culture,physics
82,hand,times,words,hackman,unchanging
83,using,rationale,practices,trust,worldview
84,importance,sharepoint,appropriate,learning,deal
85,perhaps,came,aspects,upfront,different
86,become,node,groups,flexible,hand
87,procedures,recent,impossible,building,made
88,described,editor,interest,context,must
89,future,discussion,made,give,natural
90,intended,give,represent,whatever,encounter
91,large,let,specific,advice,entrepreneur
92,organisation,piece,managing,blame,mean
93,words,theory,assumptions,causal,went
94,success,ways,facts,isn,leaving
95,team,paul,generally,driven,responsibility
96,engagement,plan,note,expert,logic
97,patterns,rittel,professionals,neil,attitude
98,include,try,questions,outcomes,didn
99,built,stuff,support,plans,speed
100,cases,answer,elaborate,home,case
101,creating,capture,options,employees,classical
102,meaning,together,assumes,deal,consider
103,results,using,comments,detail,enterprise
104,since,across,constructed,following,explain
105,department,common,define,going,means
106,depends,direct,fact,matter,objects
107,intent,examples,four,shared,order
108,expected,ideas,goes,collaboration,since
109,figure,worth,leads,complex,easy
110,senior,types,paper,reasons,held
111,entire,content,result,strategy,innovation
112,group,conversations,tells,experience,felt
113,indeed,nodes,term,top,mines
114,introduction,tool,thus,takes,personal
115,level,knew,andor,togaf,seam
116,nature,aim,three,present,shifts
117,organisations,deal,dilemmas,social,familiar
118,related,future,actions,across,laws
119,significant,meaning,actual,couple,looked
120,suggests,collaborative,aimed,create,replied
121,departments,guy,clearly,read,ready
122,per,oblique,consensus,agile,apparition
123,skills,role,context,architect,entrepreneurs
124,influence,left,discussed,constraints,mechanics
125,maturity,offers,entities,designs,affected
126,achieve,actually,logical,necessary,agree
127,actually,discussions,matters,outsourcing,around
128,back,indeed,practitioners,unfortunately,computer
129,corporate,practice,related,working,despite
130,elements,since,section,staff,doubt
131,individuals,thought,strategic,answers,nevertheless
132,next,useful,tools,entitled,popular
133,occur,open,useful,gets,shall
134,understand,available,close,reason,view
135,describe,front,option,responsible,details
136,consultant,initiative,egg,focuses,direction
137,defined,kinds,action,led,executive
138,implementation,offer,build,opinions,face
139,just,solutions,involves,consultant,industry
140,number,won,major,essentially,manage
141,unexpected,laughs,socially,guidelines,perhaps
142,task,got,subject,limits,act
143,rituals,workshop,theories,series,number
144,basic,blog,underlying,solution,please
145,conclusion,exercise,viewpoints,believe,part
146,designers,kpis,wide,psychologist,recommendations
147,despite,makes,without,around,writing
148,discussed,mentioned,outcomes,generally,century
149,human,product,works,information,mode
150,parties,situations,preferences,necessarily,shift
151,rationality,type,polarity,proposed,story
152,term,already,pole,enable,studies
153,traditional,dealing,analysis,encourage,tasks
154,goal,solving,concrete,evolve,trist
155,needed,along,differences,examples,newton
156,norms,leave,discipline,holding,attempting
157,potential,lou,function,increased,diagnosis
158,entirely,stories,hold,incremental,observer
159,artifacts,told,invariably,outcome,near
160,analysis,probably,latter,root,report
161,aspects,deontic,noted,without,conscience
162,highly,themes,ones,beyond,chair
163,latter,begin,rarely,cloud,continued
164,lie,learnt,reason,implement,postmodernism
165,methods,moreover,relationships,local,aspect
166,ones,present,resulting,nothing,brilliant
167,proposed,someone,written,platitude,consequence
168,quite,able,ethical,platitudes,done
169,relationship,culmsee,value,standards,established
170,support,focus,known,start,impossible
171,understanding,lead,makers,develop,improved
172,wide,value,uncertainties,focusing,interactions
173,live,ambiguity,raw,infrastructure,regular
174,functional,insights,dilemma,technologies,remains
175,politics,obliquity,poles,jobs,supposed
176,reporting,possibly,apart,negative,term
177,setting,software,assumed,almost,theoretical
178,training,conklin,belief,doesn,virtue
179,failed,jeff,consequence,else,reading
180,manner,kunz,consider,western,settled
181,university,play,consistent,access,stands
182,typical,students,enterprise,actions,excellent
183,exactly,conceptual,idea,attention,mention
184,expect,changes,know,build,three
185,improvise,took,level,definition,changed
186,carried,captured,means,draws,classic
187,surprising,community,modellers,finding,coal
188,developers,documentation,perspectives,initiatives,coalface
189,consider,helping,refers,large,comment
190,deal,inevitable,required,operate,maintain
191,drawing,shared,responses,provides,relatively
192,executives,easier,step,attribution,implementing
193,groups,powerful,able,directly,speak
194,inadequate,whole,common,ethical,improvement
195,involve,become,side,goals,judgement
196,simply,framed,coherent,increasing,comfort
197,categories,immediate,current,innovation,desk
198,easy,old,ensure,leader,honest
199,instead,platform,methodologies,lines,presented
200,man,policy,show,noticed,resolve
201,small,possibilities,illustrate,power,symptoms
202,anxiety,various,alone,whole,flawed
203,choices,wrote,ambiguous,aren,analysed
204,strong,cover,follows,capacity,doppelganger
205,summarized,mind,actually,ironies,double
206,version,part,akin,longer,anomaly
207,insight,positions,apparent,looking,disclosing
208,non,seven,bring,published,maxwell
209,designing,sort,correct,single,writers
210,involvement,craft,correspondence,summary,contrast
211,occurrence,spend,definition,tends,describes
212,alvesson,stay,determine,feel,document
213,johansson,vision,dimension,full,everyone
214,performed,anything,effort,terms,fix
215,approaches,hand,habermas,overlook,idea
216,based,interest,implication,seem,learnt
217,contrast,ones,initiatives,active,perfect
218,failures,readers,interests,benefit,philosopher
219,maintaining,relevant,interpretation,certain,rate
220,multiple,represents,introduction,diverse,short
221,nevertheless,spectrum,issues,implications,someone
222,widely,word,move,mentioned,statement
223,areas,live,notations,others,correctly
224,behaviours,areas,regarding,commitment,follow
225,efforts,couple,sales,details,modern
226,identified,game,stakeholder,hero,points
227,size,heretic,statements,lead,pre
228,advantage,quality,valid,obvious,space
229,concept,reasons,depend,requires,yet
230,critical,structured,five,structural,coping
231,higher,books,identify,advertisement,fable
232,length,happen,defined,among,methodologies
233,methodology,happened,preference,avoid,sees
234,systemic,links,taking,behind,acting
235,tackled,principle,decided,concerns,including
236,course,school,limitations,distinguish,resolution
237,dealt,second,uncertain,happen,situation
238,display,uses,overlook,keep,assembly
239,similar,anyone,break,learn,bamforth
240,asked,capturing,basis,listed,easily
241,becomes,contextual,negatives,processes,everyday
242,familiar,days,bradley,resilience,haighmoor
243,external,documents,savage,seems,labour
244,ends,facilitate,activities,understood,miners
245,managed,gibis,applications,remember,mining
246,surprised,larger,approaches,loss,radical
247,classification,mapped,assumption,psychology,sociotechnical
248,occurs,media,background,spent,tavistock
249,typology,moving,capable,bateson,trend
250,brokers,operation,capture,eriksen,underground
251,esoteric,papers,communicative,applied,workplace
252,trouble,three,complete,authority,everything
253,background,videos,consist,bias,selling
254,gathered,worked,detailed,check,non
255,main,half,determined,detailed,deeply
256,outside,minute,efficiency,effort,doesn
257,provided,talking,employee,largely,either
258,providing,almost,gap,let,empirical
259,socio,guess,largely,lies,humans
260,stakeholder,facilitator,managerial,summarise,strange
261,stored,guys,modelled,tells,equipment
262,thow,realized,naturally,achieving,unusual
263,dealing,soft,notes,chapter,seemed
264,executive,wanted,order,clarity,measures
265,interesting,class,perceived,culmsee,bigger
266,pressure,collective,philosophy,diversity,recommended
267,adoption,corporate,previous,foster,evening
268,designed,everyone,problematic,manage,pardon
269,expertise,executives,relevance,members,cthe
270,taking,kpi,relevant,numbers,none
271,various,next,remain,posts,smile
272,cognitive,origins,rep,rise,authenticity
273,committees,picture,results,side,cartesian
274,consultancy,reach,science,adequate,einstein
275,designer,specific,sensible,benefits,relativity
276,specifically,towards,thoughts,chance,special
277,worked,create,involved,coming,activities
278,bureaucratic,enable,reduced,considerably,build
279,characteristic,involved,overlooked,cultures,customers
280,continue,navigate,second,functions,enables
281,method,power,versus,implemented,escape
282,mid,recently,wrote,improve,fact
283,actors,work,appears,increase,fit
284,foreseen,existing,part,job,going
285,arises,facilitation,program,lessons,incorporate
286,humans,framing,ethics,list,initial
287,turn,gone,figuring,run,located
288,experienced,kay,shortcomings,scope,makes
289,possibility,land,heresies,taught,necessarily
290,reflection,original,drechsler,thanks,newly
291,subset,unique,eggs,vendor,peter
292,lifecycle,wants,accept,environments,products
293,steps,advantages,accessed,turned,social
294,dead,appreciate,accurately,living,sound
295,mainframe,click,assume,puts,stakeholders
296,sponsorship,created,attempts,architectures,lost
297,impact,description,built,hidden,focus
298,anything,developed,case,ironical,managing
299,benefit,minutes,cases,messy,throughout
300,claims,nice,chosen,standardisation,whole
301,closing,phase,constructs,broad,enter
302,concerned,questmap,contradictory,latent,experience
303,enables,raised,deals,laughter,nothing
304,free,rapidly,diverse,rocket,seems
305,interaction,seeing,existence,scale,wrote
306,involves,started,form,upon,amount
307,largely,asked,ignored,worthy,argument
308,lose,engineers,implications,holes,considerable
309,origins,absolutely,interpretations,asks,displayed
310,seriously,bad,methods,closing,facilitate
311,serves,emerge,notation,dominate,gain
312,social,saying,objectively,former,introduced
313,things,site,objects,gap,majority
314,twhat,emerged,operates,idea,similar
315,carry,helps,profession,opposite,told
316,examples,session,rate,order,worked
317,goals,sorts,representation,real,arrangements
318,objectives,trying,representations,understanding,asked
319,read,achieved,reveal,words,convinced
320,serve,applications,universe,accompanied,finish
321,comprehensive,aspect,validity,awareness,late
322,erp,best,vendors,boundaries,mechanisation
323,executed,brings,whose,coach,miner
324,explicitly,completely,wikipedia,collaborative,novel
325,improvisation,concerned,willing,describe,occurred
326,involving,differently,quoted,environmental,organised
327,message,elements,awareness,essential,price
328,neutral,entitled,face,ideal,removed
329,replace,explain,fair,leaders,seams
330,tan,explore,needed,poor,subsequent
331,types,fit,separate,programmes,totally
332,worse,highly,ambiguity,qualities,welcome
333,category,however,behind,rhetoric,workers
334,considerable,implications,path,safe,affect
335,evidence,offered,von,settings,exact
336,forces,purpose,quoting,similarities,functioning
337,write,records,responsibility,budget,hmm
338,ranging,related,pointed,cavallo,instance
339,artifact,strategic,fall,critical,manifestations
340,courses,world,sides,ground,motion
341,moved,pointing,experimentation,harder,online
342,diagonals,subtle,hence,impose,physical
343,inherent,success,solve,inspired,spacecraft
344,rigid,walk,statistical,knows,territory
345,schon,applies,johnson,outsource,universal
346,classify,articles,positives,preston,fraction
347,predictability,behind,bowl,procedures,added
348,agents,david,rotten,provide,unethical
349,anti,failed,accepted,rest,wonder
350,pro,horst,achieved,salient,eat
351,deeper,mistakes,agreed,service,heard
352,overly,otherwise,begin,spare,morning
353,ritualisation,precisely,briefly,along,sensitive
354,hoping,stop,building,forward,analysing
355,input,thanks,called,primary,scientists
356,prior,anecdotes,classical,tfor,contradiction
357,trivial,appreciation,closer,today,reminder
358,danger,artefact,collection,novel,references
359,barber,artefacts,collective,prone,constitutes
360,norm,brought,conflict,ongoing,implies
361,probability,bunch,contested,predict,conscious
362,argued,completed,control,unforeseen,crux
363,aspect,connections,debate,drift,engage
364,attribute,cons,detail,imposed,cited
365,begs,consultancies,document,irony,increasingly
366,body,database,enablement,oriented,lord
367,choose,embedded,enhance,reduce,shook
368,construction,experiences,field,slow,unduly
369,depicts,followed,highlight,biases,dinner
370,effort,foresee,ill,chat,fantasy
371,greater,gives,interested,consultation,nonsense
372,guarantee,grammar,interpret,convenient,queried
373,interests,history,language,intervention,sad
374,language,impressive,located,myths,seldom
375,must,inform,name,saying,smiled
376,practitioners,intranet,natural,air,approved
377,type,market,opposed,defensive,confused
378,argue,memory,professional,effective,coffee
379,book,overall,properties,acts,couldn
380,focus,plays,readers,cheese,spoken
381,guide,practical,representing,fixing,stain
382,members,presentation,roles,swiss,stupid
383,prescribed,pros,seek,unsafe,tome
384,putting,relating,starting,hours,voice
385,responsibilities,shown,successfully,automation,wrist
386,resulted,sigma,together,back,reflected
387,additional,source,variety,called,customary
388,adverse,store,environment,communication,electromagnetic
389,among,terms,financial,consequently,entrepreneurial
390,authored,unlike,grounds,explore,experiments
391,characteristics,visual,industry,family,historical
392,constraining,weeks,transform,goes,normal
393,crisis,year,acknowledgement,law,spaces
394,elaborated,literally,firstly,noted,speeds
395,encourages,pick,foerster,offered,trains
396,ensure,productive,implement,paper,venture
397,feedback,client,likely,participate,virtues
398,fill,seem,old,required,akin
399,foregoing,turn,primarily,starting,algorithms
400,functionality,audience,secondly,system,another
401,generating,brained,wisdom,vendors,appreciated
402,keeping,didn,arrive,already,arguments
403,knowledge,earnings,confronted,argue,assumes
404,known,scenario,highlights,autonomy,benefit
405,operations,sit,meant,believed,cases
406,paradoxical,table,missing,biggest,certain
407,positive,workshops,quote,cent,concrete
408,principle,check,won,challenges,consists
409,security,claims,jobs,companies,correct
410,specified,commercial,switch,condition,difference
411,submit,discourse,save,contexts,differences
412,tare,discussed,unintended,determining,engaged
413,topic,drive,adjust,exhibit,experts
414,wants,final,criteria,factor,extensions
415,argument,given,prefer,guide,forgotten
416,becoming,interested,third,immediately,gathering
417,followed,invented,depending,informal,helpful
418,gives,level,resolved,leading,ilk
419,linked,notes,consideration,low,judge
420,met,pieces,perceive,manifestation,juergen
421,mind,previous,units,purposes,namely
422,profile,sound,probability,rare,object
423,range,words,asset,researchers,oversight
424,allocation,contexts,enumerate,resources,pretty
425,began,details,account,solving,reason
426,composed,effect,affairs,specifics,section
427,equally,exists,agree,suppress,using
428,supervision,formulated,agreement,antifragile,viewpoint
429,avoided,forty,art,arguably,baked
430,handle,guide,associated,behavior,essay
431,machine,place,basically,buzzwords,metaphors
432,reduce,putting,beholder,coin,division
433,standardised,reaching,brings,complicated,eventually
434,character,convergent,captured,contingencies,fundamental
435,either,feature,communication,contract,intractable
436,facilitators,illustrated,concern,divergent,lead
437,narrative,john,contrast,domains,long
438,opportunity,list,criterion,drawn,low
439,reasonably,months,differently,education,members
440,zone,observed,especially,ensuring,miss
441,corner,outlined,eye,expensive,poor
442,diagonal,realize,former,fashion,qualities
443,dimensions,seems,holds,feedback,requires
444,epistemology,sensemaker,iterative,fixed,talk
445,pmbok,straight,klein,lesson,truly
446,several,topic,lies,material,among
447,strapping,unfold,lyytinen,neither,apply
448,emphasise,week,main,overview,coined
449,quadrants,wisdom,object,phone,concept
450,altogether,addresses,overriding,positive,engagement
451,developer,advanced,paid,primarily,hint
452,professionalism,application,particularly,realistic,known
453,specialized,capabilities,record,spirit,plan
454,symbolic,center,regular,still,scope
455,titles,classes,sciences,tuncertainty,shares
456,troubles,core,simply,week,solution
457,sign,defining,spectrum,abstract,understood
458,specification,definitely,straightforward,arise,unexpected
459,substance,develop,subjective,decades,worse
460,actants,extended,summarising,formal,appears
461,behaviour,extent,time,late,completed
462,checklists,feel,trace,morale,describing
463,feldman,gain,typically,philosophies,earth
464,meeting,link,viewpoint,scapegoating,fashioned
465,mistake,meaningful,worldviews,seeking,left
466,pentland,meet,cross,six,originally
467,resistance,microsoft,long,paradox,page
468,attempted,noting,member,restructure,position
469,surveyed,overhead,reading,tentative,public
470,correlation,pay,affects,avoiding,spoke
471,suspect,precise,articulating,beings,thoughtful
472,susceptibility,public,claimed,contrary,tissues
473,begin,reflections,deciding,entails,today
474,best,respond,distinction,house,unlike
475,class,selected,feature,infrastructures,visit
476,detail,sell,figured,learned,works
477,discussion,sharing,focused,prove,year
478,document,skill,ignorance,archetypal,absenteeism
479,efficiency,supporting,incorrect,countertransference,academics
480,following,tagged,looking,defines,board
481,four,technologies,original,dramatic,british
482,gathering,title,rule,famous,ciborra
483,general,tsee,attach,health,colleagues
484,inevitable,unknown,category,linear,competition
485,law,urban,days,love,cycle
486,less,wondered,feasible,succeed,enforce
487,lies,occurred,figure,trade,everywhere
488,making,delivering,finally,transference,evolution
489,managerial,switch,mention,forget,except
490,name,crowd,respond,identifying,excerpted
491,others,deliberative,situation,technically,institute
492,perspectives,ended,tackling,served,kept
493,piece,fairly,mutually,reaction,living
494,product,perth,nicely,struck,men
495,reason,receiving,connection,acknowledges,negative
496,represents,sector,considerations,bloomberg,phenomenon
497,responses,talked,either,variables,postgraduate
498,rooted,answering,predominantly,gregory,remained
499,views,colleague,programs,account,rituals
500,advocated,conceptualization,tackle,afield,suffered
501,causes,curious,folks,aim,supervisors
502,complex,findings,running,area,unsuited
503,directive,frame,scenarios,consists,weren
504,fear,hell,maker,differently,workgroup
505,fundamental,mate,objectivity,failure,workmates
506,inevitably,measure,stereotypes,fuse,workplaces
507,mentor,mission,undecidable,intended,adjusted
508,mere,nailed,acknowledge,interpretations,ceo
509,perform,narrative,pattern,invariably,charge
510,reiterate,retire,affair,level,constant
511,successes,seeks,suggest,looks,contemporary
512,suggested,share,reduction,meaning,dear
513,thrive,smaller,remarks,moreover,explaining
514,ambiguity,suit,accounting,movement,helped
515,aren,teach,care,outside,heraclitian
516,coping,tolerance,cooked,perspective,illustration
517,cultures,worry,correlation,posed,minority
518,demands,exist,desirable,reconcile,mistaken
519,documented,spot,attitudes,reflects,period
520,early,bottom,facets,specific,predicted
521,elsewhere,appear,operating,technical,proposal
522,engineering,grass,oscillate,thus,restructuring
523,expectations,activity,subsidiaries,affecting,spell
524,front,actual,aforementioned,allowed,stafford
525,implemented,analogy,omelet,attributed,underlie
526,initiative,apparent,sixth,conducive,computers
527,mix,art,according,credit,remember
528,neither,completeness,activity,dollar,challenge
529,oil,computer,alternative,doublespeak,challenging
530,patient,conventional,analysts,dynamic,dominant
531,perceptions,correspond,appreciated,encouraged,flight
532,planning,expended,asserts,executing,guess
533,provide,eye,basic,forced,middle
534,robust,factors,became,images,stops
535,schools,helpful,cast,interdependence,usual
536,sessions,hold,check,neutrality,believes
537,solution,intended,chronically,projects,criteria
538,stopping,operates,consequently,pursuing,inventor
539,thinkers,philosophy,contain,richard,past
540,tragedy,questioned,convince,rules,studying
541,treat,responsible,debates,sense,thank
542,abstract,richer,deliberation,strategies,copying
543,assignments,stake,democratic,super,lean
544,blind,suggests,describes,talk,observing
545,definitions,tacit,despite,teamwork,regardless
546,displayed,theories,disagree,wageman,reckoned
547,encountered,variety,effectiveness,wish,string
548,fig,viewpoints,elements,worst,worlds
549,formulation,shum,enquiry,adapted,cope
550,groupware,values,establish,advantage,triggered
551,highlighted,confidence,expend,antifragility,appear
552,identification,contentious,finding,claimed,central
553,relational,easy,fitness,disaster,driving
554,require,eventually,fully,distributed,loop
555,response,evolve,german,economist,perceive
556,saves,finger,going,engineering,steering
557,sum,instead,hope,firstly,carefully
558,targeted,multi,inclination,foregoing,considered
559,treated,reward,incomplete,gates,embodied
560,colleagues,rhetoric,involve,grow,embodies
561,compared,structure,issue,happy,evaluation
562,continually,transparent,kpi,heads,mistake
563,enforce,alluded,lacks,illustrated,mundane
564,era,apply,mentioned,imperative,stand
565,infrequent,beyond,multiple,implementation,hinder
566,prone,breakthrough,mutual,improvisation,modes
567,story,coined,negotiation,increases,concluded
568,tended,conclude,network,interview,criminal
569,everything,fine,patience,iterativeincremental,csherlock
570,minute,ignorance,pause,knowing,digest
571,mistaken,mental,precedence,lowest,dubiously
572,online,money,present,mechanism,expression
573,overlooks,participants,presumes,mechanisms,figures
574,acceptable,procedure,properly,mental,foreword
575,hosting,shortcuts,propose,mentality,irritation
576,internal,shot,questionable,message,narrated
577,explained,single,rationality,money,prescription
578,forth,successful,recall,nobody,reinforce
579,happening,unexpected,reconciled,paradoxes,sherlock
580,hearing,adversarial,relates,platforms,standish
581,ideology,agencies,relegated,precisely,surmised
582,kailash,apps,remains,scrutiny,tale
583,promised,argument,reveals,stages,terminated
584,relate,arrows,rigorous,status,tone
585,resilient,aside,rigour,systemic,wasn
586,tune,aspirational,serious,taleb,baker
587,checked,association,showed,test,dessert
588,code,audio,significant,tthat,drama
589,flicking,audiovideo,supports,amongst,fetish
590,genuine,beta,systematic,becoming,hmmm
591,lucky,brilliantly,tacit,consultancy,nearly
592,room,bulb,theorists,definitely,street
593,safety,campus,volume,difficulties,synonymous
594,sheer,captures,warehouses,element,tad
595,opinion,changing,wins,expense,ambitious
596,artistry,chris,entertaining,meet,care
597,boks,circumstances,establishing,originally,csix
598,competent,commonality,incremental,recent,cut
599,confusing,connect,performing,academics,absorbed
600,coordinate,conversational,posts,accidents,rests
601,equal,cooperatives,prescribed,autonomous,interrupted
602,frameworks,critically,proven,bureaucracy,picked
603,gate,databases,recognition,classic,researched
604,highway,decision,understands,claudio,sitting
605,nail,dedication,appearance,cycle,spraining
606,pickets,desktop,applies,decide,ten
607,practicing,developments,characteristics,entirely,realised
608,ship,directory,clarify,except,café
609,square,documenting,company,anticipate,damned
610,symptoms,earliest,compliance,influencing,door
611,turning,elegantly,conversely,interviews,hallway
612,uncommon,elicits,displays,wash,nighters
613,approached,exaggeration,distant,alignment,pile
614,caught,exciting,evidenced,anders,scarce
615,crises,exploring,fixed,automated,shaking
616,emphasising,fast,fraught,collages,simplistic
617,property,forest,inthis,coordinating,smell
618,psychological,forward,involving,devices,travel
619,quadrant,frequently,liable,grandiose,unappreciated
620,sponsors,gaining,material,hacks,sphere
621,striking,glance,outlined,interfacing,bold
622,texpected,glimmer,poorly,internal,antecedents
623,tunexpected,global,risk,puzzles,applicability
624,unawares,government,uncontrolled,react,authentic
625,upgrade,graphical,application,tcosts,championed
626,usefulness,green,appreciate,trip,clerk
627,withdrawal,hypertext,bridge,bound,critique
628,add,initially,came,broadly,daily
629,camp,innovative,critically,catastrophic,detached
630,corporation,interviewed,describing,chord,dispassionate
631,portray,jointly,developments,corrective,drucker
632,reference,keywords,difficulties,coupled,emphasizes
633,shooting,legal,position,damaging,gardening
634,strongly,leveraged,practical,daniel,heideggerean
635,suffering,louis,sic,democracy,indicate
636,trader,manual,spoke,diagnostic,motionless
637,traders,meanings,started,dialogical,postmodern
638,viewed,metadata,summed,disciplines,styles
639,arbitrary,navigable,terms,dominant,travelling
640,gains,novice,tevery,emotional,quantitative
641,handover,obtained,virtual,evolutionary,activity
642,implies,opposing,widespread,explanations,argued
643,party,overcoming,classic,forth,ascustomer
644,ritual,pages,eliminated,frontal,attention
645,ritualised,paradigm,organised,hands,authors
646,safeguard,paraphrase,reliable,heuristics,blood
647,speculation,parts,deem,hierarchy,briefly
648,symbol,phrase,host,hillman,building
649,trequirements,powered,interviews,ignoring,built
650,utility,presentations,society,initiate,claim
651,whilst,primary,twentieth,intervene,clear
652,allow,prototype,costs,james,comments
653,calls,proved,favoured,kailash,compromises
654,complementary,questioning,google,meander,conclusion
655,considered,recorded,turns,pass,conflict
656,customised,recording,challenge,perception,contested
657,date,revise,loss,prominent,deconstructing
658,force,revisiting,mainly,pushing,disagree
659,importantly,searchable,overarching,resort,energy
660,incentives,searching,pleasure,road,entirety
661,leaves,signs,reducing,sending,eye
662,mindless,similar,responsiveness,sensemakers,four
663,misunderstanding,slide,shows,senses,greek
664,mundane,storing,tightly,similarly,heinz
665,ostensive,student,wars,sticky,hold
666,outreach,sub,boils,strikes,human
667,somewhere,subsequently,facilitated,virtually,inadequate
668,spending,supported,looked,artifact,incomplete
669,standalone,tackling,mainstay,caused,introduction
670,understandings,targuments,recommend,circle,invaluable
671,frontline,tax,room,espoused,major
672,ado,teacher,stated,generic,model
673,bears,tense,train,keeps,observation
674,malaise,tomich,walked,manuals,onus
675,shortly,tour,zone,notice,opposite
676,intrigued,trees,FALSE,reasonable,paid
677,policing,tthere,generalisation,sponsor,pause
678,responding,unless,identifying,reflect,philosophy
679,obsolete,war,inventors,reflection,possible
680,indicated,web,physicist,worlds,purview
681,multinational,website,preferred,includes,recall
682,evocative,werner,recognize,optimistic,reconcile
683,dysfunctional,whence,regardless,trajectory,reflects
684,levels,windows,strictly,unfolds,remain
685,nine,writing,symptom,aims,remind
686,pseudo,consisting,codified,guru,responsible
687,recognized,places,controlled,oxford,rooted
688,risky,six,textbook,proactive,something
689,significance,story,agent,self,successfully
690,necessity,beer,duplicity,services,traditional
691,instructor,explaining,massive,sold,transfer
692,modified,hate,moves,viewed,truths
693,activities,imagination,portrays,notwithstanding,valid
694,acustomer,overlooks,valued,proceeds,buckingham
695,akin,preach,differing,traced,simon
696,analysts,static,utility,alarms,values
697,antiquity,surface,integrate,extensive,visualizations
698,arising,unforeseen,losing,flaws,allows
699,assumed,alignment,undesirable,lapses,assemblies
700,authority,avoids,choosing,layer,coaching
701,became,accurate,inconsistent,layers,conditions
702,blood,cmaking,swamps,pathogens,encouraged
703,briefly,dangerous,unaddressed,prevent,ensembles
704,brilliant,drop,limited,sllkc,impart
705,called,excellence,catch,wider,isn
706,cast,hears,sat,bemoan,par
707,check,hey,aka,incontrovertible,perform
708,commercial,invite,boyd,commonly,purposes
709,concrete,minds,corollary,pertaining,reporting
710,diametrically,peers,datasets,warehousing,sophistication
711,difference,private,embark,abstractions,stark
712,discussions,profit,operational,blueprints,suggested
713,entitled,rings,oxymoron,commonalities,transform
714,evermore,sustainable,panacea,deliver,transparency
715,finding,thinks,phrases,month,wageman
716,fit,aligned,potentially,omit,wish
717,form,alright,programmed,upper,acknowledgement
718,formalized,beers,statistics,zachman,borrowing
719,generally,blanket,survey,offices,budget
720,getting,box,tit,crusaders,capacity
721,interest,brainers,umbrella,components,cautionary
722,interested,certainly,unaware,ivory,claimed
723,languages,choo,ralph,tailor,conclude
724,learnt,comfort,witness,tower,deconstruct
725,legitimately,conceptually,emphasizing,analyse,early
726,made,confident,unrecognized,communiques,expectations
727,means,diagram,grapple,empty,feedback
728,mentioned,discourage,lower,leisure,fine
729,metaphor,edited,ambivalent,unstable,ground
730,observation,engagements,anybody,answer,increases
731,pause,engine,attendant,arising,indirect
732,premises,espouse,bearers,assumption,keeping
733,present,evident,definitively,attributes,learning
734,rarely,excuse,downside,became,lessons
735,real,feeling,meaningfully,collection,narrow
736,relevance,fly,polarities,comparison,onerous
737,relevant,gently,viewing,completely,possibly
738,remind,gigs,car,creating,precisely
739,required,handy,articulated,customer,primarily
740,responsible,hang,climate,debate,procedure
741,result,hippy,complications,debated,realize
742,rightness,hour,evaluate,determined,resource
743,sales,install,factual,discussed,salespersons
744,searched,iteration,select,discussions,series
745,sets,library,severity,documentation,status
746,shall,linkedin,somehow,final,technology
747,solely,listening,throw,form,topic
748,straightforward,luck,unambiguously,formulate,ultimate
749,subjected,moment,abstraction,given,various
750,successfully,names,agendas,habermas,vendor
751,tacitly,perfectly,ago,hand,arise
752,tells,portals,aim,heinz,buy
753,uncontroversial,precursor,andaddress,incomplete,cfrom
754,uncover,reception,aptness,intelligence,committees
755,usually,remembered,aristotle,iterative,course
756,vehicle,retrospective,attention,line,defense
757,cbig,round,attributes,mapping,develop
758,erase,safety,augmented,matters,developing
759,absorb,saw,automation,metaphor,develops
760,already,skilled,beforehand,move,earliest
761,belly,split,beliefs,network,edge
762,easier,stated,calculate,notion,edison
763,effect,synthesise,cbeyond,paid,exert
764,emerging,trained,centric,paving,fed
765,encourage,trick,certain,perspectives,florida
766,essential,veteran,chen,picture,leave
767,financial,waste,collect,process,limitations
768,homogenous,whiteboard,comparison,providing,link
769,launch,basis,compromises,purview,listen
770,lines,analyzing,conflicts,rationaility,paradigm
771,managing,artistic,consensually,rational,pay
772,member,locations,consists,reality,planner
773,membership,committee,correctness,responses,postor
774,opinions,referring,correspond,seek,remote
775,overcome,giving,crm,sensible,repertoire
776,performing,chinos,cumbersome,short,reviewed
777,quality,cthe,datainformation,spectrum,riding
778,reins,maybe,deconstructing,towards,seeing
779,reiterates,recalled,deemed,underlying,skill
780,reluctant,interrelated,delves,wicked,solutions
781,resources,introductory,democracies,live,sophisticated
782,separation,dictionary,depicted,metaphors,thomas
783,specialisations,accepted,discourse,ways,trialled
784,stability,action,eliciting,addition,watch
785,targets,active,emphasises,allows,workarounds
786,tcoaching,afield,energy,andor,yellow
787,tendency,agreed,enhancing,approximated,adapting
788,value,although,enquire,arriving,allocate
789,villain,analysts,ensues,article,alternatives
790,advisories,automation,entity,artificial,assigned
791,appearance,belief,excerpt,assign,attractive
792,avoid,build,expended,athletic,attrition
793,begins,business,express,attributing,autonomous
794,better,claimant,falsity,baton,bounds
795,beyond,comes,family,bonuses,chronic
796,chance,conclusion,flows,buck,coalfields
797,chances,contested,forgotten,cconditions,comparative
798,checkbox,debated,fused,clothed,compare
799,coaches,discuss,future,conduct,completion
800,complicated,doubt,gathering,conductor,complexities
801,deliberate,enterprise,give,consensual,composite
802,devoid,especially,guarantee,constitution,continually
803,disastrous,fix,hand,contentious,continues
804,dislike,formalized,heinz,correlate,demonstrations
805,dispensing,former,helpful,courage,disrupted
806,doomed,four,highly,cxos,echoed
807,drowns,free,hinges,delivery,effectively
808,educational,gathered,hugely,departmental,employment
809,fixed,general,iecollectively,detour,eric
810,focused,greater,impression,earn,executions
811,happen,heinz,incorporating,elusive,extraction
812,happened,human,indicator,empathy,falling
813,hibino,leads,initial,establishment,fellows
814,hype,little,insofar,eventually,ford
815,indigenous,major,intersubjective,exercises,founders
816,john,model,iteratively,fears,glaringly
817,knows,network,jurgen,fired,jobs
818,laid,notion,kalle,flourish,ken
819,likely,observation,lifeblood,fueled,marrow
820,obliquity,order,line,functional,match
821,offshoring,organs,looks,fundamental,mates
822,participants,posed,management,granted,monitor
823,parting,radically,manager,inclusion,national
824,platitudes,reflects,motivating,ineffective,nationalisation
825,poorly,responses,movement,inevitably,nationalised
826,positively,result,muddied,informative,negotiated
827,productivity,searched,nature,instituting,news
828,rationale,solely,observation,instructions,older
829,resource,statement,odds,integrity,organise
830,righteousness,step,ofentities,interesting,pit
831,snake,supports,organisations,intra,placed
832,snowden,synthesis,oversight,lists,places
833,successful,system,ownership,managing,plagued
834,summary,user,perspective,mandates,recapture
835,uncontrolled,valid,philosophers,masses,recounts
836,vogue,vessels,plato,meets,regulating
837,warehouse,whose,posit,musical,reorganised
838,warren,worldviews,premise,openly,reputations
839,academic,plot,processing,per,rife
840,administrative,attributed,product,performing,scales
841,advance,clarity,purchases,pinning,shifting
842,allowing,conditions,purity,pitfalls,specialised
843,amazon,creative,questioned,pre,stress
844,baltimore,fair,reasonableness,priority,subdivided
845,begeman,financial,refined,proven,supervisor
846,blue,limelight,relationship,putting,survive
847,clicking,obvious,research,realities,taylor
848,commonality,overcome,restricted,recognise,technological
849,computerizing,rare,scientific,redefine,uniquely
850,coordination,season,serves,reluctant,unlikely
851,counterplay,sporting,sets,ruth,worker
852,deck,strategy,shrift,scientifically,workgroups
853,develops,straw,simplest,separation,write
854,director,tcompelling,socrates,stable,adjusting
855,experiences,theme,solely,targets,admission
856,fed,tpower,someone,tautonomy,admitting
857,ffwd,truly,something,tcollaboration,ahead
858,foreshadow,underway,statement,tempathy,bear
859,frequently,always,structures,theleadership,beer
860,graph,bizarre,suggests,theme,calculus
861,incredible,broaden,supplemented,threats,channels
862,july,comply,supposed,tide,concede
863,keynoting,comprehensive,surfaced,tinclusion,concepts
864,later,confusion,symbols,tinnovation,convert
865,left,considerably,synthesis,translated,culpabliss
866,light,continuous,tainted,tsupportive,deem
867,listen,conversely,theprinciples,value,disappoint
868,marks,crisis,therefore,waving,dramatically
869,mastered,cynefin,thetruth,ace,eternal
870,meant,demands,tied,act,evolved
871,named,depends,tis,acya,figment
872,navigation,domains,truths,advisory,hello
873,notable,drawn,uncovering,agilista,host
874,noting,emergence,undocumented,anywhere,metalogue
875,opening,encourages,users,arbiter,paraphrased
876,pages,english,validate,assorted,proper
877,phrase,expectations,validation,attained,rebuttal
878,playing,expert,verification,authorities,recanted
879,practical,fashion,warns,available,refuses
880,prohibitive,foregoing,wherein,begins,replete
881,prose,friend,addition,beware,revised
882,quote,generalities,burgeoning,bill,snapshot
883,reasoning,gerald,complex,broaden,solar
884,reform,guideline,easy,buffett,static
885,relating,happiness,exceed,byproduct,unanticipated
886,sell,happy,exhorting,cameo,unity
887,supplementary,higher,factor,cemergent,wrought
888,sustained,inthis,flip,chances,zeno
889,swimming,involving,focuses,clarifications,apt
890,tacitness,learning,formulated,coined,contrary
891,tglyma,midwife,ideal,compliance,entering
892,thomas,occurrences,inclusion,comply,ofenterprise
893,tibis,ofwickedness,innovation,concludes,operator
894,tinvest,options,launch,continuous,papersuggests
895,tios,platitudinous,magically,convergent,prescriptions
896,title,pointless,merely,crafting,react
897,trigger,provide,norms,designed,thirty
898,tsilverlight,pulling,outlines,disappointment,walks
899,update,recipe,perform,emergence,absolutely
900,vertices,replace,pursuing,enabler,blinding
901,visit,reviews,qualities,encapsulates,breakdown
902,changed,risk,realities,endeavour,client
903,civility,robustness,reasons,engagement,councils
904,coal,secondly,richard,entrepreneur,cyberneticists
905,compounded,serendipitous,serve,epitomizes,defines
906,cooperation,sessions,shouting,facilitation,devolve
907,fellows,show,sidelines,failed,else
908,frequent,sop,simplify,focused,fifty
909,half,strive,small,foerster,fundamentally
910,literally,ultimate,stark,fog,grease
911,maintain,wary,tears,fragility,hands
912,makers,wickedness,trust,guiding,hole
913,nationalized,win,ttransparency,happiness,hopefully
914,production,abstract,vexing,hard,incredibly
915,received,acceptance,visible,hint,invite
916,referenced,ageing,adequate,immediate,james
917,remained,aggregation,always,innumerable,latch
918,responsibility,allowing,arescapegoated,irritating,myths
919,shifting,amazon,articlesinterviews,laid,nesting
920,six,amount,bidder,life,receive
921,technological,android,bill,loved,reinforces
922,unlikely,anew,borrow,marketing,road
923,wage,anticipating,buzzword,marketplace,seem
924,workgroups,archive,clutches,mentions,tailed
925,appearances,arguing,coin,minimally,thinks
926,changes,argumentation,couched,nadler,aha
927,delivering,arrow,defineefficiency,neutrally,anyway
928,evolves,attached,degrees,options,beautifully
929,gravityis,australian,diktat,orenterprise,calling
930,helped,award,draft,path,compress
931,host,backstory,entitledconfessions,penalize,damn
932,inquiry,berkeley,evangelized,perceptions,eliminate
933,quo,bike,exhaustively,please,encyclopedia
934,restructure,breadcrumb,expanding,ponderous,flipcharts
935,seduced,browsing,financially,poorly,folks
936,shakes,bulbs,framework,possibly,forms
937,surface,catalyse,grow,preclude,hang
938,took,centre,increase,propagated,hindsight
939,adaptability,cfrom,inspired,proposals,journey
940,burgeoned,changer,lasting,punished,proceeded
941,enforcement,children,learn,ream,pub
942,fee,chow,letter,regimes,relies
943,heterogeneous,clarified,liberates,reserve,saw
944,identical,clips,marketing,retrospectives,starts
945,incurred,clunky,measurable,scripted,thatquestions
946,influences,collaborativedesign,mentioning,second,train
947,interface,computerized,methodology,seeds,worry
948,intricacy,conference,months,serendipity,accused
949,ironic,consultancy,nextprinciple,snake,admit
950,itil,contains,nicholas,solved,clothe
951,maintenance,convincing,nuanced,sounding,cognition
952,networks,coordination,ofthe,sow,compelled
953,outline,creation,precisely,stone,creates
954,patching,credits,pretense,strength,criteriathe
955,remember,demos,reforms,tan,discover
956,sap,developing,remainder,tcould,discoverers
957,shortlisting,disclosure,respects,tiebreaker,exaggerated
958,stumbled,display,rittel,town,garb
959,underestimated,disputed,sharepoint,traditionally,generalisations
960,unwieldy,distinct,shozo,trickier,hiding
961,verify,documentalists,symmetry,unable,juggled
962,ambiguous,downloaded,thave,unattainable,mirrors
963,attracted,drills,themicrosoft,voip,opinion
964,behaving,droned,unfortunate,wisdom,overblown
965,clinical,encountered,unfortunately,academic,difficulty
966,criticize,environments,waiting,amount,equip
967,cyberneticist,evidence,wickedness,argumentation,faced
968,email,execute,ahypergraph,aside,gather
969,fairly,expense,aid,beginners,pattern
970,fault,exploratory,altruistically,commonality,recognizes
971,hierarchy,extension,amount,conversation,stick
972,loudest,farm,breaks,convincing,stretch
973,motivation,folder,bunch,defining,vague
974,politically,foreshadows,cognitive,denotes,wooden
975,prescriptive,founded,commercially,description,motivated
976,quick,freeware,conversation,dialogues,novelty
977,rings,glymafied,develop,directed,spontaneously
978,speaking,governmental,developing,disk,surprising
979,unimportant,graduation,develops,earliest,theyk
980,white,grasp,dialogues,foresaw,twists
981,blanket,harm,display,gain,embodiment
982,chest,highlights,distinct,graphs,gained
983,criticism,home,earth,hierarchical,layoffs
984,currently,hypermedia,element,hood,literature
985,deliberately,icon,fluency,ideally,mats
986,directness,ideally,focusing,incessantly,paying
987,distraction,identification,formal,jealous,promoted
988,elaborates,illustrations,founded,observations,review
989,engagements,indicating,guides,olds,self
990,frame,inferred,hooked,opening,signalling
991,genuinely,inspiring,impressed,operated,suffering
992,graphic,integrated,interconnections,persistence,suppliers
993,hindrance,integration,judgments,practical,teachers
994,hour,intellectual,linking,reader,distorted
995,implicitly,introduce,newer,resolution,presenting
996,import,introduced,nice,selected,proceed
997,indicators,intuitive,offer,slide,summarised
998,lookout,inventing,offers,somewhat,symbolise
999,mentoring,jnr,participant,tag,turf
1000,night,judgments,plays,tsee,complement
